{
    "en": {
      "texts": {
        "default": "RiskMap bot helps you report flooding in realtime. Send /flood to report. In life-threatening situations call 911.",
        "card": "Please report using this one-time link ",
        "thanks": "Thank you for your report. You can access it using this link "
      }
    },
    "id": {
      "texts": {
        "default": "[ID] RiskMap bot helps you report flooding in realtime. Send /flood to report. In life-threatening situations call 911.",
        "card": "[ID] Please report using this one-time link ",
        "thanks": "[ID] Thank you for your report. You can access it using this link "
      }
    }
  }